<?xml version="1.0" encoding="UTF-8"?>
<project-private xmlns="http://www.netbeans.org/ns/project-private/1">
    <editor-bookmarks xmlns="http://www.netbeans.org/ns/editor-bookmarks/2" lastBookmarkId="0"/>
    <open-files xmlns="http://www.netbeans.org/ns/projectui-open-files/2">
        <group>
            <file>file:/F:/dbms%20project/mini3/src/distributor.java</file>
            <file>file:/F:/dbms%20project/mini3/src/distributorregister.java</file>
            <file>file:/F:/dbms%20project/mini3/src/studentregister.java</file>
            <file>file:/F:/dbms%20project/mini3/src/disorganview.java</file>
            <file>file:/F:/dbms%20project/mini3/src/stafforstudent.java</file>
            <file>file:/F:/dbms%20project/mini3/src/school.java</file>
            <file>file:/F:/dbms%20project/mini3/src/food.java</file>
            <file>file:/F:/dbms%20project/mini3/src/distributorassign.java</file>
            <file>file:/F:/dbms%20project/mini3/src/schoolregister.java</file>
            <file>file:/F:/dbms%20project/mini3/src/schoolinfo.java</file>
            <file>file:/F:/dbms%20project/mini3/src/fdistriregister.java</file>
            <file>file:/F:/dbms%20project/mini3/src/foodorganization.java</file>
            <file>file:/F:/dbms%20project/mini3/src/main.java</file>
        </group>
    </open-files>
</project-private>
